{
    "config":
    {
        "topK": 5,
        "audioThreshold": 50,
        "broadcastEvents": true,
        "pausedTriggers": true,
        "dataset": "default.json"
    },
    "classes":
    {
        "a": [
            [61.16578434407711, 5.6491066980870634, -12.829389552194188, -20.031059686231597, -8.678313095257677, 4.147668264087313, 3.497665552374709, 5.366198333691564, -6.540821498210063, -0.5779439438770232, -6.463401161776037, -0.4862461408415818, 2.639028237582006],
            [95.15176046080887, 52.4272024472965, 12.666433788773636, -6.628223556607669, -9.795221446954201, -14.272819966664322, -20.225034032862784, -1.6001714128602353, 5.425048978419221, -3.7593574163119348, -8.933559170687637, -2.1417068604915093, 2.5718970330025606],
            [123.49269457161427, 68.97619129014832, 36.241284264477876, -0.39535585125616124, -6.433276941401322, -5.820828742610074, -11.9235024472286, 2.647008457066379, 9.21163663421887, 6.457955747260544, 5.570793048404679, 1.5278492227176454, 3.171576936607369],
            [102.13605066528544, 64.63068511937466, 25.02804277506899, 3.3957620441560024, -4.790003732458988, -9.098445866745857, -20.527430880687184, -3.072755731924938, 12.918488376434476, 15.757199040215042, 12.500897203582749, 3.807251125759618, 3.1717143966834795],
            [104.77934669086244, 67.14547698621558, 24.94273691927739, 3.9579755042581515, -2.3407662699104375, -12.084258968267322, -20.07630447014814, 0.7793374212480308, 15.819822690599322, 9.725307190535307, 3.016289437582819, 1.5342655780548764, 4.544750856401436],
            [87.55622756970115, 60.98969293860306, 29.388659576231476, 3.696223297282575, -12.705059476952863, -9.37615398122925, -7.690990574147089, 10.83682316496063, 13.757906704729276, 4.618891313919249, 6.544103020422462, -0.11374226674985133, 2.114540346318684],
            [60.766831530607305, 52.275089280079236, 32.87914741733273, 13.556597319097765, 1.4995763505804536, -1.5228685213464594, 2.285711341824801, 7.38310004416876, 8.34414795513422, 4.624222615353642, -0.032923118255857975, -2.4887925872048426, -2.442799282766498],
            [61.69676125398837, 46.76097767455513, 20.474372632923114, 4.47732442619826, -3.141117399320105, -9.486682954378146, -8.74295851142767, 1.6966141432110124, 8.374220705095336, 5.888075431795821, 3.7159811089382537, 4.6709177025209225, 3.8782445784335517],
            [48.307735030539334, 41.95137388196034, 27.374716450396576, 11.376121667170775, 0.5444158822059437, -3.814174922996437, -3.376150881295983, -0.9200259399300383, 0.859696126963129, 1.1523563818094933, 0.18017140661811196, 0.0068614402001372175, 1.1236463915403994],
            [59.81590582797071, 50.7946183322763, 33.494179512107294, 12.1905655011464, -1.0183592429914259, -6.922566509467382, -4.9490502915730055, -1.1883018302896282, 1.3123846746118064, 0.9157226506859828, -1.9657024464288737, -3.082705700764341, -3.229777536371175]
        ],
        "b": [
            [43.64239686727524, 18.858688892690058, 0.17401073839024314, -6.4475042303782475, -1.0037690593172592, 2.223273825234702, 2.1066139446201624, -1.4545770526865098, -8.712601476559184, -5.381554672010768, -5.354364828567826, -2.6788072778467122, -0.8384184418901282],
            [137.8281337020453, -67.43186941092786, -24.49151637753387, 18.779580190619967, 16.074038224072375, -8.933511548686205, -6.83250658299193, 0.03423531772680377, 3.125076142907293, 6.515285347991681, -7.733741900988095, 3.4064615482353604, -4.43880717305157],
            [41.45046033768449, -20.08298489709431, -6.70114656356704, 2.7720667544705297, 6.295448570640808, 2.6537320143070517, -10.948851760139277, 4.99710864045607, 1.1651259519496366, -1.5425589573689633, 1.378368582469766, 1.5522963449263671, -6.474432503893475],
            [65.97808261105092, -36.63252230607039, -2.558908552346903, 4.4522565614579745, 13.270060380630731, -13.254820219766097, -2.2023518102123045, 3.6144374407667748, 7.110267628025484, -10.016839274715817, -2.5836965715117097, 10.796734981235968, -7.698007418282226],
            [74.24542104681314, -33.76942455026944, -16.80668229956283, 13.787708312951706, 15.471204680094658, -13.739838498676097, -8.121370880343276, 5.2616927595159835, 4.532086035672648, -4.495813791978777, -5.339678630589418, 9.295622264267765, -5.708520541791444],
            [84.12201998219825, -45.66889586690799, 13.560812422113592, -2.4828145335328964, 2.173361757366523, -2.4181200180369755, -10.510364758624394, 6.490183649596763, -0.8354157181292301, -1.738418740924097, -9.913220003009659, 10.906841054883065, -8.50640124562446],
            [65.2034122934565, -37.38493241133901, 16.201369971093673, -4.727256444706639, 8.710151971132472, -9.421693139108644, -8.89083576782432, 2.5094017554642836, -3.2760713782195916, -4.517366541621135, -0.5817697806043443, 4.847380708539333, -2.0717978735543],
            [66.51910493313335, -26.217427630821774, 3.877612385032821, 5.00296751623694, 8.498896644983756, -12.813961419015246, -10.220230387345715, -0.8653552990721698, 3.157912777394629, -8.832531231063685, -8.040795135604013, 9.322089088775503, -1.1867967292029817],
            [77.04588144290028, -30.4037376365796, -21.57922846606555, 19.296626630599295, 11.778017496856526, -15.24276678748267, -6.649166988152771, -0.19479880057766685, 5.1949420817501615, -4.933152289512941, -4.424257675800938, 7.786642688318552, -0.9969723641582919],
            [121.73271788295824, -23.925231080805162, -37.20422414925404, 15.857930589320095, 13.422435964160796, -14.53088426030147, -6.943539213992018, -4.613092589258556, -3.965063170562773, 3.4369748043484756, -10.0328956583373, -2.072750982439642, -5.553101999993647]
        ],